airline,A,B,country_A,lon_A,lat_A,country_B,lon_B,lat_B,color,AB
DL,LAX,CMH,US,-118.407997,33.942501,US,-82.891899,39.998001,#007f00,LAX_CMH
DL,ATL,MLB,US,-84.428101,33.6367,US,-80.64530181884766,28.102800369262695,#ff0000,ATL_MLB
DL,ATL,LGA,US,-84.428101,33.6367,US,-73.872597,40.777199,white,ATL_LGA
DL,SLC,ORD,US,-111.97799682617188,40.78839874267578,US,-87.9048,41.9786,#6cff7d,SLC_ORD
DL,DTW,DAY,US,-83.35340118408203,42.212398529052734,US,-84.21939849853516,39.902400970458984,#ffa500,DTW_DAY
DL,DTW,MCO,US,-83.35340118408203,42.212398529052734,US,-81.30899810791016,28.429399490356445,#ffa500,DTW_MCO
DL,SLC,CDC,US,-111.97799682617188,40.78839874267578,US,-113.0989990234375,37.70100021362305,#6cff7d,SLC_CDC
DL,CVG,PHX,US,-84.667801,39.048801,US,-112.01200103759766,33.43429946899414,gray,CVG_PHX
DL,LGA,OMA,US,-73.872597,40.777199,US,-95.894096,41.3032,#ffddad,LGA_OMA
DL,CLE,LGA,US,-81.8498001099,41.4117012024,US,-73.872597,40.777199,#ffddad,CLE_LGA
DL,SEA,BZN,US,-122.308998,47.449001,US,-111.1529999,45.77750015,#426ae1,SEA_BZN
DL,SLC,SAN,US,-111.97799682617188,40.78839874267578,US,-117.190002441,32.7336006165,#6cff7d,SLC_SAN
DL,LGA,ROC,US,-73.872597,40.777199,US,-77.67240142822266,43.118900299072266,#ffddad,LGA_ROC
DL,MSP,TPA,US,-93.221802,44.882,US,-82.533203125,27.975500106811523,#fd68b3,MSP_TPA
DL,MSP,RSW,US,-93.221802,44.882,US,-81.75520324707031,26.53619956970215,#fd68b3,MSP_RSW
DL,BOS,LAX,US,-71.00520325,42.36429977,US,-118.407997,33.942501,white,BOS_LAX
DL,MSP,SAN,US,-93.221802,44.882,US,-117.190002441,32.7336006165,#fd68b3,MSP_SAN
DL,ATL,OMA,US,-84.428101,33.6367,US,-95.894096,41.3032,#ff0000,ATL_OMA
DL,DTW,BNA,US,-83.35340118408203,42.212398529052734,US,-86.6781997680664,36.1245002746582,#ffa500,DTW_BNA
DL,ATL,FAY,US,-84.428101,33.6367,US,-78.88030242919922,34.9911994934082,#ff0000,ATL_FAY
DL,ATL,TLH,US,-84.428101,33.6367,US,-84.35030364990234,30.396499633789062,#ff0000,ATL_TLH
DL,DTW,SNA,US,-83.35340118408203,42.212398529052734,US,-117.8679962,33.67570114,#ffa500,DTW_SNA
DL,SLC,IDA,US,-111.97799682617188,40.78839874267578,US,-112.070999,43.514599,#6cff7d,SLC_IDA
DL,ATL,CHS,US,-84.428101,33.6367,US,-80.04049683,32.89860153,#ff0000,ATL_CHS
DL,LGA,DCA,US,-73.872597,40.777199,US,-77.037697,38.8521,#ffddad,LGA_DCA
DL,ATL,JAC,US,-84.428101,33.6367,US,-110.73799896240234,43.6072998046875,#ff0000,ATL_JAC
DL,CVG,SFO,US,-84.667801,39.048801,US,-122.375,37.61899948120117,gray,CVG_SFO
DL,DCA,RDU,US,-77.037697,38.8521,US,-78.7874984741211,35.877601623535156,gray,DCA_RDU
DL,ATL,SNA,US,-84.428101,33.6367,US,-117.8679962,33.67570114,#ff0000,ATL_SNA
DL,DTW,JFK,US,-83.35340118408203,42.212398529052734,US,-73.7789,40.639801,white,DTW_JFK
DL,MSP,RHI,US,-93.221802,44.882,US,-89.46749877929688,45.63119888305664,#fd68b3,MSP_RHI
DL,ATL,MOB,US,-84.428101,33.6367,US,-88.242797851562,30.691200256348,#ff0000,ATL_MOB
DL,DTW,BHM,US,-83.35340118408203,42.212398529052734,US,-86.75350189,33.56290054,#ffa500,DTW_BHM
DL,SLC,ASE,US,-111.97799682617188,40.78839874267578,US,-106.8690033,39.22320175,#6cff7d,SLC_ASE
DL,ATL,DSM,US,-84.428101,33.6367,US,-93.66310119628906,41.534000396728516,#ff0000,ATL_DSM
DL,LGA,BNA,US,-73.872597,40.777199,US,-86.6781997680664,36.1245002746582,#ffddad,LGA_BNA
DL,SLC,GJT,US,-111.97799682617188,40.78839874267578,US,-108.527000427,39.1223983765,#6cff7d,SLC_GJT
DL,MSP,LAN,US,-93.221802,44.882,US,-84.58740234375,42.77870178222656,#fd68b3,MSP_LAN
DL,ATL,CRW,US,-84.428101,33.6367,US,-81.59320068359375,38.37310028076172,#ff0000,ATL_CRW
DL,JFK,SFO,US,-73.7789,40.639801,US,-122.375,37.61899948120117,#00ffff,JFK_SFO
DL,LAX,TUS,US,-118.407997,33.942501,US,-110.938053,32.115004,#007f00,LAX_TUS
DL,MSP,ORF,US,-93.221802,44.882,US,-76.20120239257812,36.89459991455078,#fd68b3,MSP_ORF
DL,LGA,MCI,US,-73.872597,40.777199,US,-94.713898,39.2976,#ffddad,LGA_MCI
DL,SLC,STL,US,-111.97799682617188,40.78839874267578,US,-90.370003,38.748697,#6cff7d,SLC_STL
DL,ATL,DFW,US,-84.428101,33.6367,US,-97.038002,32.896801,#ff0000,ATL_DFW
DL,BOS,CVG,US,-71.00520325,42.36429977,US,-84.667801,39.048801,#ffff00,BOS_CVG
DL,MSP,RIC,US,-93.221802,44.882,US,-77.3197021484375,37.50519943237305,#fd68b3,MSP_RIC
DL,LAX,SFO,US,-118.407997,33.942501,US,-122.375,37.61899948120117,#007f00,LAX_SFO
DL,BOS,JAX,US,-71.00520325,42.36429977,US,-81.68789672851562,30.49410057067871,#ffff00,BOS_JAX
DL,HNL,LAX,US,-157.924228,21.32062,US,-118.407997,33.942501,#007f00,HNL_LAX
DL,MSP,MSN,US,-93.221802,44.882,US,-89.3375015258789,43.13990020751953,#fd68b3,MSP_MSN
DL,ATL,CLE,US,-84.428101,33.6367,US,-81.8498001099,41.4117012024,#ff0000,ATL_CLE
DL,MSP,ROC,US,-93.221802,44.882,US,-77.67240142822266,43.118900299072266,#fd68b3,MSP_ROC
DL,DTW,GRR,US,-83.35340118408203,42.212398529052734,US,-85.52279663,42.88079834,#ffa500,DTW_GRR
DL,SEA,DEN,US,-122.308998,47.449001,US,-104.672996521,39.861698150635,#426ae1,SEA_DEN
DL,BOS,MSP,US,-71.00520325,42.36429977,US,-93.221802,44.882,white,BOS_MSP
DL,ATL,HPN,US,-84.428101,33.6367,US,-73.70760345458984,41.06700134277344,#ff0000,ATL_HPN
DL,ATL,MLI,US,-84.428101,33.6367,US,-90.50749969482422,41.44850158691406,#ff0000,ATL_MLI
DL,ATL,LNK,US,-84.428101,33.6367,US,-96.75920104980469,40.85100173950195,#ff0000,ATL_LNK
DL,ATL,OAJ,US,-84.428101,33.6367,US,-77.61209869380001,34.8292007446,#ff0000,ATL_OAJ
DL,LGA,PWM,US,-73.872597,40.777199,US,-70.309303,43.646198,#ffddad,LGA_PWM
DL,LGA,XNA,US,-73.872597,40.777199,US,-94.306801,36.281898,#ffddad,LGA_XNA
DL,SEA,IND,US,-122.308998,47.449001,US,-86.294403,39.7173,#426ae1,SEA_IND
DL,JFK,SYR,US,-73.7789,40.639801,US,-76.1063003540039,43.11119842529297,#00ffff,JFK_SYR
DL,ATL,RDU,US,-84.428101,33.6367,US,-78.7874984741211,35.877601623535156,#ff0000,ATL_RDU
DL,MSP,FSD,US,-93.221802,44.882,US,-96.741897583,43.582000732400004,#fd68b3,MSP_FSD
DL,SLC,COS,US,-111.97799682617188,40.78839874267578,US,-104.700996,38.805801,#6cff7d,SLC_COS
DL,ATL,ICT,US,-84.428101,33.6367,US,-97.433098,37.649899,#ff0000,ATL_ICT
DL,SEA,TPA,US,-122.308998,47.449001,US,-82.533203125,27.975500106811523,#426ae1,SEA_TPA
DL,LGA,CAE,US,-73.872597,40.777199,US,-81.11949920654297,33.93880081176758,#ffddad,LGA_CAE
DL,SLC,CPR,US,-111.97799682617188,40.78839874267578,US,-106.463997,42.908001,#6cff7d,SLC_CPR
DL,LGA,MKE,US,-73.872597,40.777199,US,-87.89659881591797,42.947200775146484,#ffddad,LGA_MKE
DL,RDU,FLL,US,-78.7874984741211,35.877601623535156,US,-80.152702,26.072599,gray,RDU_FLL
DL,BOS,DCA,US,-71.00520325,42.36429977,US,-77.037697,38.8521,#ffff00,BOS_DCA
DL,BOS,MKE,US,-71.00520325,42.36429977,US,-87.89659881591797,42.947200775146484,#ffff00,BOS_MKE
DL,ATL,CLT,US,-84.428101,33.6367,US,-80.94309997558594,35.2140007019043,#ff0000,ATL_CLT
DL,JFK,ROC,US,-73.7789,40.639801,US,-77.67240142822266,43.118900299072266,#00ffff,JFK_ROC
DL,SLC,MKE,US,-111.97799682617188,40.78839874267578,US,-87.89659881591797,42.947200775146484,#6cff7d,SLC_MKE
DL,JFK,IAD,US,-73.7789,40.639801,US,-77.45580292,38.94449997,#00ffff,JFK_IAD
DL,CVG,LAS,US,-84.667801,39.048801,US,-115.1520004,36.08010101,gray,CVG_LAS
DL,JFK,MSY,US,-73.7789,40.639801,US,-90.25800323486328,29.99340057373047,#00ffff,JFK_MSY
DL,DTW,MIA,US,-83.35340118408203,42.212398529052734,US,-80.29060363769531,25.79319953918457,#ffa500,DTW_MIA
DL,ATL,AVP,US,-84.428101,33.6367,US,-75.72339630130001,41.338500976599995,#ff0000,ATL_AVP
DL,DCA,JFK,US,-77.037697,38.8521,US,-73.7789,40.639801,#00ffff,DCA_JFK
DL,JFK,PHX,US,-73.7789,40.639801,US,-112.01200103759766,33.43429946899414,#00ffff,JFK_PHX
DL,DTW,CWA,US,-83.35340118408203,42.212398529052734,US,-89.6668014526,44.7775993347,#ffa500,DTW_CWA
DL,DTW,MSN,US,-83.35340118408203,42.212398529052734,US,-89.3375015258789,43.13990020751953,#ffa500,DTW_MSN
DL,MSP,GTF,US,-93.221802,44.882,US,-111.3710022,47.48199844,#fd68b3,MSP_GTF
DL,JFK,CLT,US,-73.7789,40.639801,US,-80.94309997558594,35.2140007019043,#00ffff,JFK_CLT
DL,ATL,TUS,US,-84.428101,33.6367,US,-110.938053,32.115004,#ff0000,ATL_TUS
DL,LGA,BHM,US,-73.872597,40.777199,US,-86.75350189,33.56290054,#ffddad,LGA_BHM
DL,SLC,BUR,US,-111.97799682617188,40.78839874267578,US,-118.35900115966797,34.20069885253906,#6cff7d,SLC_BUR
DL,SLC,SMF,US,-111.97799682617188,40.78839874267578,US,-121.59100341796875,38.69540023803711,#6cff7d,SLC_SMF
DL,LGA,SRQ,US,-73.872597,40.777199,US,-82.55439758300781,27.39539909362793,#ffddad,LGA_SRQ
DL,MSP,BOI,US,-93.221802,44.882,US,-116.223,43.5644,#fd68b3,MSP_BOI
DL,DTW,DEN,US,-83.35340118408203,42.212398529052734,US,-104.672996521,39.861698150635,#ffa500,DTW_DEN
DL,ATL,RIC,US,-84.428101,33.6367,US,-77.3197021484375,37.50519943237305,#ff0000,ATL_RIC
DL,LGA,DEN,US,-73.872597,40.777199,US,-104.672996521,39.861698150635,#ffddad,LGA_DEN
DL,LAX,MSY,US,-118.407997,33.942501,US,-90.25800323486328,29.99340057373047,#007f00,LAX_MSY
DL,DTW,LAN,US,-83.35340118408203,42.212398529052734,US,-84.58740234375,42.77870178222656,#ffa500,DTW_LAN
DL,MSP,FCA,US,-93.221802,44.882,US,-114.25599670410156,48.31050109863281,#fd68b3,MSP_FCA
DL,DTW,ESC,US,-83.35340118408203,42.212398529052734,US,-87.0936965942,45.7226982117,#ffa500,DTW_ESC
DL,LAX,SMF,US,-118.407997,33.942501,US,-121.59100341796875,38.69540023803711,#007f00,LAX_SMF
DL,SEA,FAI,US,-122.308998,47.449001,US,-147.8560028,64.81510162,#426ae1,SEA_FAI
DL,CLE,MSP,US,-81.8498001099,41.4117012024,US,-93.221802,44.882,#fd68b3,CLE_MSP
DL,DTW,GSP,US,-83.35340118408203,42.212398529052734,US,-82.2189025879,34.8956985474,#ffa500,DTW_GSP
DL,ATL,BUR,US,-84.428101,33.6367,US,-118.35900115966797,34.20069885253906,#ff0000,ATL_BUR
DL,BOS,SFO,US,-71.00520325,42.36429977,US,-122.375,37.61899948120117,#ffff00,BOS_SFO
DL,ATL,EWN,US,-84.428101,33.6367,US,-77.04290008539999,35.0730018616,#ff0000,ATL_EWN
DL,ATL,BOS,US,-84.428101,33.6367,US,-71.00520325,42.36429977,white,ATL_BOS
DL,MSP,PSC,US,-93.221802,44.882,US,-119.11900329589844,46.26470184326172,#fd68b3,MSP_PSC
DL,ATL,AEX,US,-84.428101,33.6367,US,-92.54979705810547,31.32740020751953,#ff0000,ATL_AEX
DL,SEA,SJC,US,-122.308998,47.449001,US,-121.929001,37.362598,#426ae1,SEA_SJC
DL,ATL,TYS,US,-84.428101,33.6367,US,-83.9940033,35.81100082,#ff0000,ATL_TYS
DL,ATL,GRR,US,-84.428101,33.6367,US,-85.52279663,42.88079834,#ff0000,ATL_GRR
DL,LAX,RDU,US,-118.407997,33.942501,US,-78.7874984741211,35.877601623535156,#007f00,LAX_RDU
DL,ATL,BDL,US,-84.428101,33.6367,US,-72.68319702149999,41.9388999939,#ff0000,ATL_BDL
DL,ATL,BMI,US,-84.428101,33.6367,US,-88.91590118,40.47710037,#ff0000,ATL_BMI
DL,MSP,CIU,US,-93.221802,44.882,US,-84.47239685058594,46.25080108642578,#fd68b3,MSP_CIU
DL,DCA,SLC,US,-77.037697,38.8521,US,-111.97799682617188,40.78839874267578,#6cff7d,DCA_SLC
DL,DTW,DFW,US,-83.35340118408203,42.212398529052734,US,-97.038002,32.896801,#ffa500,DTW_DFW
DL,DTW,PLN,US,-83.35340118408203,42.212398529052734,US,-84.79669952,45.57089996,#ffa500,DTW_PLN
DL,DTW,ORH,US,-83.35340118408203,42.212398529052734,US,-71.87570190429688,42.26729965209961,#ffa500,DTW_ORH
DL,BOS,FLL,US,-71.00520325,42.36429977,US,-80.152702,26.072599,#ffff00,BOS_FLL
DL,SLC,SFO,US,-111.97799682617188,40.78839874267578,US,-122.375,37.61899948120117,#6cff7d,SLC_SFO
DL,SLC,SUN,US,-111.97799682617188,40.78839874267578,US,-114.2959976,43.50439835,#6cff7d,SLC_SUN
DL,JFK,DFW,US,-73.7789,40.639801,US,-97.038002,32.896801,#00ffff,JFK_DFW
DL,LAX,SJC,US,-118.407997,33.942501,US,-121.929001,37.362598,#007f00,LAX_SJC
DL,JFK,LAX,US,-73.7789,40.639801,US,-118.407997,33.942501,white,JFK_LAX
DL,CVG,JFK,US,-84.667801,39.048801,US,-73.7789,40.639801,#00ffff,CVG_JFK
DL,SEA,KOA,US,-122.308998,47.449001,US,-156.045603,19.738783,#426ae1,SEA_KOA
DL,DCA,LEX,US,-77.037697,38.8521,US,-84.60590362548828,38.0364990234375,gray,DCA_LEX
DL,MSP,RAP,US,-93.221802,44.882,US,-103.05699920654297,44.0452995300293,#fd68b3,MSP_RAP
DL,DTW,HPN,US,-83.35340118408203,42.212398529052734,US,-73.70760345458984,41.06700134277344,#ffa500,DTW_HPN
DL,SLC,RDU,US,-111.97799682617188,40.78839874267578,US,-78.7874984741211,35.877601623535156,#6cff7d,SLC_RDU
DL,MSP,BWI,US,-93.221802,44.882,US,-76.668297,39.1754,#fd68b3,MSP_BWI
DL,ATL,SGF,US,-84.428101,33.6367,US,-93.38860321,37.24570084,#ff0000,ATL_SGF
DL,RDU,PHL,US,-78.7874984741211,35.877601623535156,US,-75.24109649658203,39.87189865112305,gray,RDU_PHL
DL,CVG,FLL,US,-84.667801,39.048801,US,-80.152702,26.072599,gray,CVG_FLL
DL,DTW,SLC,US,-83.35340118408203,42.212398529052734,US,-111.97799682617188,40.78839874267578,white,DTW_SLC
DL,DTW,SDF,US,-83.35340118408203,42.212398529052734,US,-85.736,38.1744,#ffa500,DTW_SDF
DL,MSP,LNK,US,-93.221802,44.882,US,-96.75920104980469,40.85100173950195,#fd68b3,MSP_LNK
DL,LAX,SLC,US,-118.407997,33.942501,US,-111.97799682617188,40.78839874267578,white,LAX_SLC
DL,ATL,DAY,US,-84.428101,33.6367,US,-84.21939849853516,39.902400970458984,#ff0000,ATL_DAY
DL,DTW,ABE,US,-83.35340118408203,42.212398529052734,US,-75.44080352783203,40.652099609375,#ffa500,DTW_ABE
DL,SEA,ANC,US,-122.308998,47.449001,US,-149.99600219726562,61.174400329589844,#426ae1,SEA_ANC
DL,LGA,GRR,US,-73.872597,40.777199,US,-85.52279663,42.88079834,#ffddad,LGA_GRR
DL,LAX,LIH,US,-118.407997,33.942501,US,-159.33900451660156,21.97599983215332,#007f00,LAX_LIH
DL,SEA,GEG,US,-122.308998,47.449001,US,-117.53399658203125,47.61989974975586,#426ae1,SEA_GEG
DL,MSP,BIS,US,-93.221802,44.882,US,-100.74600219726562,46.772701263427734,#fd68b3,MSP_BIS
DL,BOS,BUF,US,-71.00520325,42.36429977,US,-78.73220062,42.94049835,#ffff00,BOS_BUF
DL,SLC,ONT,US,-111.97799682617188,40.78839874267578,US,-117.60099792480469,34.055999755859375,#6cff7d,SLC_ONT
DL,ATL,PHL,US,-84.428101,33.6367,US,-75.24109649658203,39.87189865112305,#ff0000,ATL_PHL
DL,DTW,CID,US,-83.35340118408203,42.212398529052734,US,-91.71080017089844,41.884700775146484,#ffa500,DTW_CID
DL,ATL,MYR,US,-84.428101,33.6367,US,-78.9282989502,33.6796989441,#ff0000,ATL_MYR
DL,LGA,FLL,US,-73.872597,40.777199,US,-80.152702,26.072599,#ffddad,LGA_FLL
DL,JFK,SEA,US,-73.7789,40.639801,US,-122.308998,47.449001,white,JFK_SEA
DL,MSP,CLT,US,-93.221802,44.882,US,-80.94309997558594,35.2140007019043,#fd68b3,MSP_CLT
DL,CVG,AUS,US,-84.667801,39.048801,US,-97.6698989868164,30.194499969482422,gray,CVG_AUS
DL,LGA,MCO,US,-73.872597,40.777199,US,-81.30899810791016,28.429399490356445,#ffddad,LGA_MCO
DL,ATL,ABE,US,-84.428101,33.6367,US,-75.44080352783203,40.652099609375,#ff0000,ATL_ABE
DL,SLC,HLN,US,-111.97799682617188,40.78839874267578,US,-111.98300170898438,46.6068000793457,#6cff7d,SLC_HLN
DL,LGA,STL,US,-73.872597,40.777199,US,-90.370003,38.748697,#ffddad,LGA_STL
DL,DTW,SWF,US,-83.35340118408203,42.212398529052734,US,-74.104797,41.504101,#ffa500,DTW_SWF
DL,JFK,MCO,US,-73.7789,40.639801,US,-81.30899810791016,28.429399490356445,#00ffff,JFK_MCO
DL,ATL,IND,US,-84.428101,33.6367,US,-86.294403,39.7173,#ff0000,ATL_IND
DL,MSP,MSO,US,-93.221802,44.882,US,-114.0910034,46.91630173,#fd68b3,MSP_MSO
DL,DTW,DCA,US,-83.35340118408203,42.212398529052734,US,-77.037697,38.8521,#ffa500,DTW_DCA
DL,MSP,BJI,US,-93.221802,44.882,US,-94.93370056,47.50939941,#fd68b3,MSP_BJI
DL,ATL,PWM,US,-84.428101,33.6367,US,-70.309303,43.646198,#ff0000,ATL_PWM
DL,LAX,OMA,US,-118.407997,33.942501,US,-95.894096,41.3032,#007f00,LAX_OMA
DL,SLC,LGB,US,-111.97799682617188,40.78839874267578,US,-118.1520004,33.81769943,#6cff7d,SLC_LGB
DL,SLC,JAC,US,-111.97799682617188,40.78839874267578,US,-110.73799896240234,43.6072998046875,#6cff7d,SLC_JAC
DL,MSP,TUS,US,-93.221802,44.882,US,-110.938053,32.115004,#fd68b3,MSP_TUS
DL,ATL,JFK,US,-84.428101,33.6367,US,-73.7789,40.639801,white,ATL_JFK
DL,SLC,BIL,US,-111.97799682617188,40.78839874267578,US,-108.54299926757812,45.807701110839844,#6cff7d,SLC_BIL
DL,ATL,JAN,US,-84.428101,33.6367,US,-90.0758972168,32.3111991882,#ff0000,ATL_JAN
DL,ATL,CSG,US,-84.428101,33.6367,US,-84.93890380859375,32.516300201416016,#ff0000,ATL_CSG
DL,ATL,SLC,US,-84.428101,33.6367,US,-111.97799682617188,40.78839874267578,white,ATL_SLC
DL,BOS,TPA,US,-71.00520325,42.36429977,US,-82.533203125,27.975500106811523,#ffff00,BOS_TPA
DL,ATL,RSW,US,-84.428101,33.6367,US,-81.75520324707031,26.53619956970215,#ff0000,ATL_RSW
DL,CLE,SLC,US,-81.8498001099,41.4117012024,US,-111.97799682617188,40.78839874267578,#6cff7d,CLE_SLC
DL,LGA,BUF,US,-73.872597,40.777199,US,-78.73220062,42.94049835,#ffddad,LGA_BUF
DL,SLC,SJC,US,-111.97799682617188,40.78839874267578,US,-121.929001,37.362598,#6cff7d,SLC_SJC
DL,SLC,MCO,US,-111.97799682617188,40.78839874267578,US,-81.30899810791016,28.429399490356445,#6cff7d,SLC_MCO
DL,LGA,MSY,US,-73.872597,40.777199,US,-90.25800323486328,29.99340057373047,#ffddad,LGA_MSY
DL,SEA,OGG,US,-122.308998,47.449001,US,-156.429993,20.8986,#426ae1,SEA_OGG
DL,DTW,BWI,US,-83.35340118408203,42.212398529052734,US,-76.668297,39.1754,#ffa500,DTW_BWI
DL,DTW,SBN,US,-83.35340118408203,42.212398529052734,US,-86.31729888916016,41.70869827270508,#ffa500,DTW_SBN
DL,LGA,ORD,US,-73.872597,40.777199,US,-87.9048,41.9786,#ffddad,LGA_ORD
DL,DTW,AUS,US,-83.35340118408203,42.212398529052734,US,-97.6698989868164,30.194499969482422,#ffa500,DTW_AUS
DL,ATL,ELP,US,-84.428101,33.6367,US,-106.3779984,31.80719948,#ff0000,ATL_ELP
DL,MSP,HLN,US,-93.221802,44.882,US,-111.98300170898438,46.6068000793457,#fd68b3,MSP_HLN
DL,ATL,BQK,US,-84.428101,33.6367,US,-81.46649932861328,31.258800506591797,#ff0000,ATL_BQK
DL,BOS,ORD,US,-71.00520325,42.36429977,US,-87.9048,41.9786,#ffff00,BOS_ORD
DL,SLC,SGU,US,-111.97799682617188,40.78839874267578,US,-113.510306,37.036389,#6cff7d,SLC_SGU
DL,BOS,CHS,US,-71.00520325,42.36429977,US,-80.04049683,32.89860153,#ffff00,BOS_CHS
DL,DTW,ELM,US,-83.35340118408203,42.212398529052734,US,-76.8916015625,42.1599006652832,#ffa500,DTW_ELM
DL,RDU,PIT,US,-78.7874984741211,35.877601623535156,US,-80.23290253,40.49150085,gray,RDU_PIT
DL,ATL,FWA,US,-84.428101,33.6367,US,-85.19509888,40.97850037,#ff0000,ATL_FWA
DL,DTW,PBI,US,-83.35340118408203,42.212398529052734,US,-80.09559631347656,26.68320083618164,#ffa500,DTW_PBI
DL,SLC,GEG,US,-111.97799682617188,40.78839874267578,US,-117.53399658203125,47.61989974975586,#6cff7d,SLC_GEG
DL,LAS,MSP,US,-115.1520004,36.08010101,US,-93.221802,44.882,#fd68b3,LAS_MSP
DL,MSP,TUL,US,-93.221802,44.882,US,-95.88809967041016,36.19839859008789,#fd68b3,MSP_TUL
DL,MSP,AZO,US,-93.221802,44.882,US,-85.5521011352539,42.234901428222656,#fd68b3,MSP_AZO
DL,SLC,PHX,US,-111.97799682617188,40.78839874267578,US,-112.01200103759766,33.43429946899414,#6cff7d,SLC_PHX
DL,ATL,VLD,US,-84.428101,33.6367,US,-83.27670288085938,30.782499313354492,#ff0000,ATL_VLD
DL,SLC,RNO,US,-111.97799682617188,40.78839874267578,US,-119.76799774169922,39.49909973144531,#6cff7d,SLC_RNO
DL,MSP,MEM,US,-93.221802,44.882,US,-89.97669982910156,35.04240036010742,#fd68b3,MSP_MEM
DL,LGA,MSP,US,-73.872597,40.777199,US,-93.221802,44.882,white,LGA_MSP
DL,SLC,MFR,US,-111.97799682617188,40.78839874267578,US,-122.87300109863281,42.37419891357422,#6cff7d,SLC_MFR
DL,SEA,LIH,US,-122.308998,47.449001,US,-159.33900451660156,21.97599983215332,#426ae1,SEA_LIH
DL,MSP,INL,US,-93.221802,44.882,US,-93.4030990600586,48.566200256347656,#fd68b3,MSP_INL
DL,ATL,MKE,US,-84.428101,33.6367,US,-87.89659881591797,42.947200775146484,#ff0000,ATL_MKE
DL,CLE,DTW,US,-81.8498001099,41.4117012024,US,-83.35340118408203,42.212398529052734,#ffa500,CLE_DTW
DL,MSP,ATW,US,-93.221802,44.882,US,-88.5190963745,44.258098602299995,#fd68b3,MSP_ATW
DL,BOS,JFK,US,-71.00520325,42.36429977,US,-73.7789,40.639801,white,BOS_JFK
DL,MSP,DCA,US,-93.221802,44.882,US,-77.037697,38.8521,#fd68b3,MSP_DCA
DL,ATL,MSN,US,-84.428101,33.6367,US,-89.3375015258789,43.13990020751953,#ff0000,ATL_MSN
DL,ATL,GPT,US,-84.428101,33.6367,US,-89.07009887695312,30.40730094909668,#ff0000,ATL_GPT
DL,MSP,SFO,US,-93.221802,44.882,US,-122.375,37.61899948120117,#fd68b3,MSP_SFO
DL,CVG,DEN,US,-84.667801,39.048801,US,-104.672996521,39.861698150635,gray,CVG_DEN
DL,DTW,SAT,US,-83.35340118408203,42.212398529052734,US,-98.469803,29.533701,#ffa500,DTW_SAT
DL,DTW,PHL,US,-83.35340118408203,42.212398529052734,US,-75.24109649658203,39.87189865112305,#ffa500,DTW_PHL
DL,LAS,SNA,US,-115.1520004,36.08010101,US,-117.8679962,33.67570114,gray,LAS_SNA
DL,LGA,ORF,US,-73.872597,40.777199,US,-76.20120239257812,36.89459991455078,#ffddad,LGA_ORF
DL,DTW,FWA,US,-83.35340118408203,42.212398529052734,US,-85.19509888,40.97850037,#ffa500,DTW_FWA
DL,DTW,TVC,US,-83.35340118408203,42.212398529052734,US,-85.58219909667969,44.74140167236328,#ffa500,DTW_TVC
DL,SLC,EUG,US,-111.97799682617188,40.78839874267578,US,-123.21199798583984,44.12459945678711,#6cff7d,SLC_EUG
DL,ATL,AUS,US,-84.428101,33.6367,US,-97.6698989868164,30.194499969482422,#ff0000,ATL_AUS
DL,ATL,MGM,US,-84.428101,33.6367,US,-86.39399719,32.30059814,#ff0000,ATL_MGM
DL,ATL,BHM,US,-84.428101,33.6367,US,-86.75350189,33.56290054,#ff0000,ATL_BHM
DL,SLC,FCA,US,-111.97799682617188,40.78839874267578,US,-114.25599670410156,48.31050109863281,#6cff7d,SLC_FCA
DL,DTW,MHT,US,-83.35340118408203,42.212398529052734,US,-71.435699,42.932598,#ffa500,DTW_MHT
DL,ATL,PNS,US,-84.428101,33.6367,US,-87.1866,30.4734,#ff0000,ATL_PNS
DL,ATL,MDW,US,-84.428101,33.6367,US,-87.752403,41.785999,#ff0000,ATL_MDW
DL,MSP,MIA,US,-93.221802,44.882,US,-80.29060363769531,25.79319953918457,#fd68b3,MSP_MIA
DL,ATL,GSP,US,-84.428101,33.6367,US,-82.2189025879,34.8956985474,#ff0000,ATL_GSP
DL,JFK,IAH,US,-73.7789,40.639801,US,-95.34140014648438,29.984399795532227,#00ffff,JFK_IAH
DL,CVG,RDU,US,-84.667801,39.048801,US,-78.7874984741211,35.877601623535156,gray,CVG_RDU
DL,LGA,CHS,US,-73.872597,40.777199,US,-80.04049683,32.89860153,#ffddad,LGA_CHS
DL,DTW,MSP,US,-83.35340118408203,42.212398529052734,US,-93.221802,44.882,white,DTW_MSP
DL,ATL,GTR,US,-84.428101,33.6367,US,-88.5914001465,33.450298309299995,#ff0000,ATL_GTR
DL,ATL,AGS,US,-84.428101,33.6367,US,-81.9645004272461,33.36989974975586,#ff0000,ATL_AGS
DL,LAX,SAT,US,-118.407997,33.942501,US,-98.469803,29.533701,#007f00,LAX_SAT
DL,MSP,MKE,US,-93.221802,44.882,US,-87.89659881591797,42.947200775146484,#fd68b3,MSP_MKE
DL,RDU,SEA,US,-78.7874984741211,35.877601623535156,US,-122.308998,47.449001,#426ae1,RDU_SEA
DL,JFK,MIA,US,-73.7789,40.639801,US,-80.29060363769531,25.79319953918457,#00ffff,JFK_MIA
DL,LGA,CHO,US,-73.872597,40.777199,US,-78.4529037475586,38.13859939575195,#ffddad,LGA_CHO
DL,DTW,SEA,US,-83.35340118408203,42.212398529052734,US,-122.308998,47.449001,white,DTW_SEA
DL,SLC,PIT,US,-111.97799682617188,40.78839874267578,US,-80.23290253,40.49150085,#6cff7d,SLC_PIT
DL,BOS,LAS,US,-71.00520325,42.36429977,US,-115.1520004,36.08010101,#ffff00,BOS_LAS
DL,ATL,LEX,US,-84.428101,33.6367,US,-84.60590362548828,38.0364990234375,#ff0000,ATL_LEX
DL,MSP,ORD,US,-93.221802,44.882,US,-87.9048,41.9786,#fd68b3,MSP_ORD
DL,DTW,BDL,US,-83.35340118408203,42.212398529052734,US,-72.68319702149999,41.9388999939,#ffa500,DTW_BDL
DL,ATL,SMF,US,-84.428101,33.6367,US,-121.59100341796875,38.69540023803711,#ff0000,ATL_SMF
DL,CVG,DCA,US,-84.667801,39.048801,US,-77.037697,38.8521,gray,CVG_DCA
DL,ATL,ORF,US,-84.428101,33.6367,US,-76.20120239257812,36.89459991455078,#ff0000,ATL_ORF
DL,ATL,SYR,US,-84.428101,33.6367,US,-76.1063003540039,43.11119842529297,#ff0000,ATL_SYR
DL,MSP,BRD,US,-93.221802,44.882,US,-94.13809967,46.39830017,#fd68b3,MSP_BRD
DL,ATL,ONT,US,-84.428101,33.6367,US,-117.60099792480469,34.055999755859375,#ff0000,ATL_ONT
DL,JFK,BUF,US,-73.7789,40.639801,US,-78.73220062,42.94049835,#00ffff,JFK_BUF
DL,BOS,CMH,US,-71.00520325,42.36429977,US,-82.891899,39.998001,#ffff00,BOS_CMH
DL,LGA,RDU,US,-73.872597,40.777199,US,-78.7874984741211,35.877601623535156,#ffddad,LGA_RDU
DL,DCA,LAX,US,-77.037697,38.8521,US,-118.407997,33.942501,#007f00,DCA_LAX
DL,ATL,HHH,US,-84.428101,33.6367,US,-80.6975021362,32.2243995667,#ff0000,ATL_HHH
DL,JFK,BNA,US,-73.7789,40.639801,US,-86.6781997680664,36.1245002746582,#00ffff,JFK_BNA
DL,LGA,CLT,US,-73.872597,40.777199,US,-80.94309997558594,35.2140007019043,#ffddad,LGA_CLT
DL,HNL,SEA,US,-157.924228,21.32062,US,-122.308998,47.449001,#426ae1,HNL_SEA
DL,ATL,PIA,US,-84.428101,33.6367,US,-89.6932983398,40.664199829100006,#ff0000,ATL_PIA
DL,ATL,ILM,US,-84.428101,33.6367,US,-77.90260314941406,34.270599365234375,#ff0000,ATL_ILM
DL,ATL,EVV,US,-84.428101,33.6367,US,-87.5324020386,38.0369987488,#ff0000,ATL_EVV
DL,ATL,SBN,US,-84.428101,33.6367,US,-86.31729888916016,41.70869827270508,#ff0000,ATL_SBN
DL,DTW,IAD,US,-83.35340118408203,42.212398529052734,US,-77.45580292,38.94449997,#ffa500,DTW_IAD
DL,JFK,IND,US,-73.7789,40.639801,US,-86.294403,39.7173,#00ffff,JFK_IND
DL,ATL,RST,US,-84.428101,33.6367,US,-92.5,43.90829849243164,#ff0000,ATL_RST
DL,LAX,MCO,US,-118.407997,33.942501,US,-81.30899810791016,28.429399490356445,#007f00,LAX_MCO
DL,ATL,HOU,US,-84.428101,33.6367,US,-95.27890015,29.64539909,#ff0000,ATL_HOU
DL,MSP,DSM,US,-93.221802,44.882,US,-93.66310119628906,41.534000396728516,#fd68b3,MSP_DSM
DL,LAX,GEG,US,-118.407997,33.942501,US,-117.53399658203125,47.61989974975586,#007f00,LAX_GEG
DL,ATL,MSY,US,-84.428101,33.6367,US,-90.25800323486328,29.99340057373047,#ff0000,ATL_MSY
DL,MSP,DFW,US,-93.221802,44.882,US,-97.038002,32.896801,#fd68b3,MSP_DFW
DL,BOS,AUS,US,-71.00520325,42.36429977,US,-97.6698989868164,30.194499969482422,#ffff00,BOS_AUS
DL,SLC,IND,US,-111.97799682617188,40.78839874267578,US,-86.294403,39.7173,#6cff7d,SLC_IND
DL,SLC,AUS,US,-111.97799682617188,40.78839874267578,US,-97.6698989868164,30.194499969482422,#6cff7d,SLC_AUS
DL,RDU,BNA,US,-78.7874984741211,35.877601623535156,US,-86.6781997680664,36.1245002746582,gray,RDU_BNA
DL,DTW,SAN,US,-83.35340118408203,42.212398529052734,US,-117.190002441,32.7336006165,#ffa500,DTW_SAN
DL,MSP,XNA,US,-93.221802,44.882,US,-94.306801,36.281898,#fd68b3,MSP_XNA
DL,SLC,TUS,US,-111.97799682617188,40.78839874267578,US,-110.938053,32.115004,#6cff7d,SLC_TUS
DL,LGA,JAX,US,-73.872597,40.777199,US,-81.68789672851562,30.49410057067871,#ffddad,LGA_JAX
DL,LAX,OGG,US,-118.407997,33.942501,US,-156.429993,20.8986,#007f00,LAX_OGG
DL,LAX,SAN,US,-118.407997,33.942501,US,-117.190002441,32.7336006165,#007f00,LAX_SAN
DL,SLC,BWI,US,-111.97799682617188,40.78839874267578,US,-76.668297,39.1754,#6cff7d,SLC_BWI
DL,DTW,LGA,US,-83.35340118408203,42.212398529052734,US,-73.872597,40.777199,white,DTW_LGA
DL,SEA,MFR,US,-122.308998,47.449001,US,-122.87300109863281,42.37419891357422,#426ae1,SEA_MFR
DL,JFK,ORF,US,-73.7789,40.639801,US,-76.20120239257812,36.89459991455078,#00ffff,JFK_ORF
DL,MSP,MDW,US,-93.221802,44.882,US,-87.752403,41.785999,#fd68b3,MSP_MDW
DL,MSP,DEN,US,-93.221802,44.882,US,-104.672996521,39.861698150635,#fd68b3,MSP_DEN
DL,SEA,AUS,US,-122.308998,47.449001,US,-97.6698989868164,30.194499969482422,#426ae1,SEA_AUS
DL,ATL,HSV,US,-84.428101,33.6367,US,-86.775100708008,34.637199401855,#ff0000,ATL_HSV
DL,DTW,PDX,US,-83.35340118408203,42.212398529052734,US,-122.5979996,45.58869934,#ffa500,DTW_PDX
DL,ATL,MCI,US,-84.428101,33.6367,US,-94.713898,39.2976,#ff0000,ATL_MCI
DL,CVG,MCI,US,-84.667801,39.048801,US,-94.713898,39.2976,gray,CVG_MCI
DL,ATL,PVD,US,-84.428101,33.6367,US,-71.420403,41.732601,#ff0000,ATL_PVD
DL,DTW,LAX,US,-83.35340118408203,42.212398529052734,US,-118.407997,33.942501,white,DTW_LAX
DL,ATL,HNL,US,-84.428101,33.6367,US,-157.924228,21.32062,#ff0000,ATL_HNL
DL,BOS,PIT,US,-71.00520325,42.36429977,US,-80.23290253,40.49150085,#ffff00,BOS_PIT
DL,SLC,TWF,US,-111.97799682617188,40.78839874267578,US,-114.487999,42.4818,#6cff7d,SLC_TWF
DL,ATL,ECP,US,-84.428101,33.6367,US,-85.795414,30.357106,#ff0000,ATL_ECP
DL,DTW,MDT,US,-83.35340118408203,42.212398529052734,US,-76.7633972168,40.1935005188,#ffa500,DTW_MDT
DL,DTW,MBS,US,-83.35340118408203,42.212398529052734,US,-84.07959747314453,43.532901763916016,#ffa500,DTW_MBS
DL,DTW,BTV,US,-83.35340118408203,42.212398529052734,US,-73.15329742429999,44.471900939899996,#ffa500,DTW_BTV
DL,BOS,RIC,US,-71.00520325,42.36429977,US,-77.3197021484375,37.50519943237305,#ffff00,BOS_RIC
DL,MSP,ANC,US,-93.221802,44.882,US,-149.99600219726562,61.174400329589844,#fd68b3,MSP_ANC
DL,SLC,RDM,US,-111.97799682617188,40.78839874267578,US,-121.1500015,44.2541008,#6cff7d,SLC_RDM
DL,CVG,IAH,US,-84.667801,39.048801,US,-95.34140014648438,29.984399795532227,gray,CVG_IAH
DL,CVG,LAX,US,-84.667801,39.048801,US,-118.407997,33.942501,#007f00,CVG_LAX
DL,MSP,MOT,US,-93.221802,44.882,US,-101.27999877929688,48.2593994140625,#fd68b3,MSP_MOT
DL,CVG,MCO,US,-84.667801,39.048801,US,-81.30899810791016,28.429399490356445,gray,CVG_MCO
DL,MSP,IAH,US,-93.221802,44.882,US,-95.34140014648438,29.984399795532227,#fd68b3,MSP_IAH
DL,ATL,FNT,US,-84.428101,33.6367,US,-83.74359893798828,42.96540069580078,#ff0000,ATL_FNT
DL,ATL,EYW,US,-84.428101,33.6367,US,-81.75959777832031,24.556100845336914,#ff0000,ATL_EYW
DL,DTW,CMH,US,-83.35340118408203,42.212398529052734,US,-82.891899,39.998001,#ffa500,DTW_CMH
DL,JFK,FLL,US,-73.7789,40.639801,US,-80.152702,26.072599,#00ffff,JFK_FLL
DL,MSP,BDL,US,-93.221802,44.882,US,-72.68319702149999,41.9388999939,#fd68b3,MSP_BDL
DL,SLC,MSY,US,-111.97799682617188,40.78839874267578,US,-90.25800323486328,29.99340057373047,#6cff7d,SLC_MSY
DL,MSP,FWA,US,-93.221802,44.882,US,-85.19509888,40.97850037,#fd68b3,MSP_FWA
DL,MSP,PDX,US,-93.221802,44.882,US,-122.5979996,45.58869934,#fd68b3,MSP_PDX
DL,BOS,DTW,US,-71.00520325,42.36429977,US,-83.35340118408203,42.212398529052734,white,BOS_DTW
DL,LAX,AUS,US,-118.407997,33.942501,US,-97.6698989868164,30.194499969482422,#007f00,LAX_AUS
DL,LGA,IAH,US,-73.872597,40.777199,US,-95.34140014648438,29.984399795532227,#ffddad,LGA_IAH
DL,ATL,MDT,US,-84.428101,33.6367,US,-76.7633972168,40.1935005188,#ff0000,ATL_MDT
DL,DTW,STL,US,-83.35340118408203,42.212398529052734,US,-90.370003,38.748697,#ffa500,DTW_STL
DL,JFK,ORD,US,-73.7789,40.639801,US,-87.9048,41.9786,#00ffff,JFK_ORD
DL,JFK,DCA,US,-73.7789,40.639801,US,-77.037697,38.8521,#00ffff,JFK_DCA
DL,DTW,SJC,US,-83.35340118408203,42.212398529052734,US,-121.929001,37.362598,#ffa500,DTW_SJC
DL,SEA,RDM,US,-122.308998,47.449001,US,-121.1500015,44.2541008,#426ae1,SEA_RDM
DL,SLC,MSO,US,-111.97799682617188,40.78839874267578,US,-114.0910034,46.91630173,#6cff7d,SLC_MSO
DL,ATL,COS,US,-84.428101,33.6367,US,-104.700996,38.805801,#ff0000,ATL_COS
DL,ATL,SHV,US,-84.428101,33.6367,US,-93.8256,32.446602,#ff0000,ATL_SHV
DL,LAX,PHX,US,-118.407997,33.942501,US,-112.01200103759766,33.43429946899414,#007f00,LAX_PHX
DL,SEA,BOI,US,-122.308998,47.449001,US,-116.223,43.5644,#426ae1,SEA_BOI
DL,ATL,MSP,US,-84.428101,33.6367,US,-93.221802,44.882,white,ATL_MSP
DL,CLE,RDU,US,-81.8498001099,41.4117012024,US,-78.7874984741211,35.877601623535156,gray,CLE_RDU
DL,DTW,ALB,US,-83.35340118408203,42.212398529052734,US,-73.80169677734375,42.74829864501953,#ffa500,DTW_ALB
DL,CVG,SEA,US,-84.667801,39.048801,US,-122.308998,47.449001,#426ae1,CVG_SEA
DL,ATL,CHO,US,-84.428101,33.6367,US,-78.4529037475586,38.13859939575195,#ff0000,ATL_CHO
DL,DTW,RIC,US,-83.35340118408203,42.212398529052734,US,-77.3197021484375,37.50519943237305,#ffa500,DTW_RIC
DL,ATL,ALB,US,-84.428101,33.6367,US,-73.80169677734375,42.74829864501953,#ff0000,ATL_ALB
DL,DTW,EVV,US,-83.35340118408203,42.212398529052734,US,-87.5324020386,38.0369987488,#ffa500,DTW_EVV
DL,LAS,SEA,US,-115.1520004,36.08010101,US,-122.308998,47.449001,#426ae1,LAS_SEA
DL,DTW,MQT,US,-83.35340118408203,42.212398529052734,US,-87.395401001,46.353599548300004,#ffa500,DTW_MQT
DL,DTW,PIT,US,-83.35340118408203,42.212398529052734,US,-80.23290253,40.49150085,#ffa500,DTW_PIT
DL,JFK,JAX,US,-73.7789,40.639801,US,-81.68789672851562,30.49410057067871,#00ffff,JFK_JAX
DL,DTW,MCI,US,-83.35340118408203,42.212398529052734,US,-94.713898,39.2976,#ffa500,DTW_MCI
DL,SEA,SFO,US,-122.308998,47.449001,US,-122.375,37.61899948120117,#426ae1,SEA_SFO
DL,SLC,PSP,US,-111.97799682617188,40.78839874267578,US,-116.50700378417969,33.8297004699707,#6cff7d,SLC_PSP
DL,DTW,PVD,US,-83.35340118408203,42.212398529052734,US,-71.420403,41.732601,#ffa500,DTW_PVD
DL,DCA,DTW,US,-77.037697,38.8521,US,-83.35340118408203,42.212398529052734,#ffa500,DCA_DTW
DL,ATL,LAS,US,-84.428101,33.6367,US,-115.1520004,36.08010101,#ff0000,ATL_LAS
DL,LGA,GSP,US,-73.872597,40.777199,US,-82.2189025879,34.8956985474,#ffddad,LGA_GSP
DL,MSP,SJC,US,-93.221802,44.882,US,-121.929001,37.362598,#fd68b3,MSP_SJC
DL,LAX,BOI,US,-118.407997,33.942501,US,-116.223,43.5644,#007f00,LAX_BOI
DL,LGA,SAV,US,-73.872597,40.777199,US,-81.20210266,32.12760162,#ffddad,LGA_SAV
DL,MSP,CID,US,-93.221802,44.882,US,-91.71080017089844,41.884700775146484,#fd68b3,MSP_CID
DL,RDU,JAX,US,-78.7874984741211,35.877601623535156,US,-81.68789672851562,30.49410057067871,gray,RDU_JAX
DL,DTW,FLL,US,-83.35340118408203,42.212398529052734,US,-80.152702,26.072599,#ffa500,DTW_FLL
DL,ATL,PHX,US,-84.428101,33.6367,US,-112.01200103759766,33.43429946899414,#ff0000,ATL_PHX
DL,ATL,BTR,US,-84.428101,33.6367,US,-91.149597,30.533199,#ff0000,ATL_BTR
DL,ATL,CMH,US,-84.428101,33.6367,US,-82.891899,39.998001,#ff0000,ATL_CMH
DL,RDU,TPA,US,-78.7874984741211,35.877601623535156,US,-82.533203125,27.975500106811523,gray,RDU_TPA
DL,ATL,BNA,US,-84.428101,33.6367,US,-86.6781997680664,36.1245002746582,#ff0000,ATL_BNA
DL,DTW,ROC,US,-83.35340118408203,42.212398529052734,US,-77.67240142822266,43.118900299072266,#ffa500,DTW_ROC
DL,SLC,MCI,US,-111.97799682617188,40.78839874267578,US,-94.713898,39.2976,#6cff7d,SLC_MCI
DL,SEA,SMF,US,-122.308998,47.449001,US,-121.59100341796875,38.69540023803711,#426ae1,SEA_SMF
DL,DTW,HSV,US,-83.35340118408203,42.212398529052734,US,-86.775100708008,34.637199401855,#ffa500,DTW_HSV
DL,CVG,MSP,US,-84.667801,39.048801,US,-93.221802,44.882,#fd68b3,CVG_MSP
DL,DTW,IMT,US,-83.35340118408203,42.212398529052734,US,-88.1145019531,45.8184013367,#ffa500,DTW_IMT
DL,BOS,MIA,US,-71.00520325,42.36429977,US,-80.29060363769531,25.79319953918457,#ffff00,BOS_MIA
DL,JFK,PBI,US,-73.7789,40.639801,US,-80.09559631347656,26.68320083618164,#00ffff,JFK_PBI
DL,DTW,EWR,US,-83.35340118408203,42.212398529052734,US,-74.168701171875,40.692501068115234,#ffa500,DTW_EWR
DL,MSP,XWA,US,-93.221802,44.882,US,-103.748797,48.258387,#fd68b3,MSP_XWA
DL,ATL,EWR,US,-84.428101,33.6367,US,-74.168701171875,40.692501068115234,#ff0000,ATL_EWR
DL,CVG,SLC,US,-84.667801,39.048801,US,-111.97799682617188,40.78839874267578,#6cff7d,CVG_SLC
DL,MSP,RDU,US,-93.221802,44.882,US,-78.7874984741211,35.877601623535156,#fd68b3,MSP_RDU
DL,MSP,PIA,US,-93.221802,44.882,US,-89.6932983398,40.664199829100006,#fd68b3,MSP_PIA
DL,SEA,SAN,US,-122.308998,47.449001,US,-117.190002441,32.7336006165,#426ae1,SEA_SAN
DL,BOS,RDU,US,-71.00520325,42.36429977,US,-78.7874984741211,35.877601623535156,#ffff00,BOS_RDU
DL,ATL,SRQ,US,-84.428101,33.6367,US,-82.55439758300781,27.39539909362793,#ff0000,ATL_SRQ
DL,SLC,MSN,US,-111.97799682617188,40.78839874267578,US,-89.3375015258789,43.13990020751953,#6cff7d,SLC_MSN
DL,LGA,CMH,US,-73.872597,40.777199,US,-82.891899,39.998001,#ffddad,LGA_CMH
DL,ATL,JAX,US,-84.428101,33.6367,US,-81.68789672851562,30.49410057067871,#ff0000,ATL_JAX
DL,MSP,MCO,US,-93.221802,44.882,US,-81.30899810791016,28.429399490356445,#fd68b3,MSP_MCO
DL,ATL,DTW,US,-84.428101,33.6367,US,-83.35340118408203,42.212398529052734,white,ATL_DTW
DL,ATL,CAE,US,-84.428101,33.6367,US,-81.11949920654297,33.93880081176758,#ff0000,ATL_CAE
DL,RDU,CMH,US,-78.7874984741211,35.877601623535156,US,-82.891899,39.998001,gray,RDU_CMH
DL,SEA,PSC,US,-122.308998,47.449001,US,-119.11900329589844,46.26470184326172,#426ae1,SEA_PSC
DL,SLC,EWR,US,-111.97799682617188,40.78839874267578,US,-74.168701171875,40.692501068115234,#6cff7d,SLC_EWR
DL,JFK,CHS,US,-73.7789,40.639801,US,-80.04049683,32.89860153,#00ffff,JFK_CHS
DL,RDU,SLC,US,-78.7874984741211,35.877601623535156,US,-111.97799682617188,40.78839874267578,#6cff7d,RDU_SLC
DL,LAX,IND,US,-118.407997,33.942501,US,-86.294403,39.7173,#007f00,LAX_IND
DL,SEA,IAD,US,-122.308998,47.449001,US,-77.45580292,38.94449997,#426ae1,SEA_IAD
DL,LAS,SJC,US,-115.1520004,36.08010101,US,-121.929001,37.362598,gray,LAS_SJC
DL,DCA,MSP,US,-77.037697,38.8521,US,-93.221802,44.882,#fd68b3,DCA_MSP
DL,MSP,SNA,US,-93.221802,44.882,US,-117.8679962,33.67570114,#fd68b3,MSP_SNA
DL,DTW,RSW,US,-83.35340118408203,42.212398529052734,US,-81.75520324707031,26.53619956970215,#ffa500,DTW_RSW
DL,ATL,SAN,US,-84.428101,33.6367,US,-117.190002441,32.7336006165,#ff0000,ATL_SAN
DL,ATL,CVG,US,-84.428101,33.6367,US,-84.667801,39.048801,#ff0000,ATL_CVG
DL,ATL,LAX,US,-84.428101,33.6367,US,-118.407997,33.942501,white,ATL_LAX
DL,LAX,PDX,US,-118.407997,33.942501,US,-122.5979996,45.58869934,#007f00,LAX_PDX
DL,DTW,ERI,US,-83.35340118408203,42.212398529052734,US,-80.1738667488,42.0831270134,#ffa500,DTW_ERI
DL,ATL,DHN,US,-84.428101,33.6367,US,-85.44960021972656,31.321300506591797,#ff0000,ATL_DHN
DL,DTW,IND,US,-83.35340118408203,42.212398529052734,US,-86.294403,39.7173,#ffa500,DTW_IND
DL,LAS,SLC,US,-115.1520004,36.08010101,US,-111.97799682617188,40.78839874267578,#6cff7d,LAS_SLC
DL,ATL,LFT,US,-84.428101,33.6367,US,-91.98760223,30.20529938,#ff0000,ATL_LFT
DL,LGA,TPA,US,-73.872597,40.777199,US,-82.533203125,27.975500106811523,#ffddad,LGA_TPA
DL,SEA,BNA,US,-122.308998,47.449001,US,-86.6781997680664,36.1245002746582,#426ae1,SEA_BNA
DL,MSP,MLI,US,-93.221802,44.882,US,-90.50749969482422,41.44850158691406,#fd68b3,MSP_MLI
DL,LGA,RSW,US,-73.872597,40.777199,US,-81.75520324707031,26.53619956970215,#ffddad,LGA_RSW
DL,LAX,ABQ,US,-118.407997,33.942501,US,-106.609001,35.040199,#007f00,LAX_ABQ
DL,ATL,TRI,US,-84.428101,33.6367,US,-82.407401,36.475201,#ff0000,ATL_TRI
DL,CVG,TPA,US,-84.667801,39.048801,US,-82.533203125,27.975500106811523,gray,CVG_TPA
DL,DTW,SMF,US,-83.35340118408203,42.212398529052734,US,-121.59100341796875,38.69540023803711,#ffa500,DTW_SMF
DL,ATL,SDF,US,-84.428101,33.6367,US,-85.736,38.1744,#ff0000,ATL_SDF
DL,SLC,IAH,US,-111.97799682617188,40.78839874267578,US,-95.34140014648438,29.984399795532227,#6cff7d,SLC_IAH
DL,CVG,PHL,US,-84.667801,39.048801,US,-75.24109649658203,39.87189865112305,gray,CVG_PHL
DL,SLC,RAP,US,-111.97799682617188,40.78839874267578,US,-103.05699920654297,44.0452995300293,#6cff7d,SLC_RAP
DL,MSP,BNA,US,-93.221802,44.882,US,-86.6781997680664,36.1245002746582,#fd68b3,MSP_BNA
DL,SLC,PSC,US,-111.97799682617188,40.78839874267578,US,-119.11900329589844,46.26470184326172,#6cff7d,SLC_PSC
DL,DCA,OMA,US,-77.037697,38.8521,US,-95.894096,41.3032,gray,DCA_OMA
DL,JFK,DEN,US,-73.7789,40.639801,US,-104.672996521,39.861698150635,#00ffff,JFK_DEN
DL,LAX,TPA,US,-118.407997,33.942501,US,-82.533203125,27.975500106811523,#007f00,LAX_TPA
DL,DTW,TYS,US,-83.35340118408203,42.212398529052734,US,-83.9940033,35.81100082,#ffa500,DTW_TYS
DL,DTW,MDW,US,-83.35340118408203,42.212398529052734,US,-87.752403,41.785999,#ffa500,DTW_MDW
DL,ATL,GSO,US,-84.428101,33.6367,US,-79.93730163574219,36.097801208496094,#ff0000,ATL_GSO
DL,ATL,STL,US,-84.428101,33.6367,US,-90.370003,38.748697,#ff0000,ATL_STL
DL,MSP,FLL,US,-93.221802,44.882,US,-80.152702,26.072599,#fd68b3,MSP_FLL
DL,LGA,PIT,US,-73.872597,40.777199,US,-80.23290253,40.49150085,#ffddad,LGA_PIT
DL,ATL,FSM,US,-84.428101,33.6367,US,-94.36740112304688,35.33660125732422,#ff0000,ATL_FSM
DL,RDU,IND,US,-78.7874984741211,35.877601623535156,US,-86.294403,39.7173,gray,RDU_IND
DL,ATL,DEN,US,-84.428101,33.6367,US,-104.672996521,39.861698150635,#ff0000,ATL_DEN
DL,MSP,GRB,US,-93.221802,44.882,US,-88.12960052490234,44.48509979248047,#fd68b3,MSP_GRB
DL,LAS,SAN,US,-115.1520004,36.08010101,US,-117.190002441,32.7336006165,gray,LAS_SAN
DL,MSP,OMA,US,-93.221802,44.882,US,-95.894096,41.3032,#fd68b3,MSP_OMA
DL,DTW,GSO,US,-83.35340118408203,42.212398529052734,US,-79.93730163574219,36.097801208496094,#ffa500,DTW_GSO
DL,SLC,FAT,US,-111.97799682617188,40.78839874267578,US,-119.718002,36.776199,#6cff7d,SLC_FAT
DL,SLC,GTF,US,-111.97799682617188,40.78839874267578,US,-111.3710022,47.48199844,#6cff7d,SLC_GTF
DL,ATL,BWI,US,-84.428101,33.6367,US,-76.668297,39.1754,#ff0000,ATL_BWI
DL,RDU,DCA,US,-78.7874984741211,35.877601623535156,US,-77.037697,38.8521,gray,RDU_DCA
DL,BOS,MCI,US,-71.00520325,42.36429977,US,-94.713898,39.2976,#ffff00,BOS_MCI
DL,DTW,MKE,US,-83.35340118408203,42.212398529052734,US,-87.89659881591797,42.947200775146484,#ffa500,DTW_MKE
DL,DTW,CHA,US,-83.35340118408203,42.212398529052734,US,-85.20379638671875,35.035301208496094,#ffa500,DTW_CHA
DL,DTW,PWM,US,-83.35340118408203,42.212398529052734,US,-70.309303,43.646198,#ffa500,DTW_PWM
DL,ATL,XNA,US,-84.428101,33.6367,US,-94.306801,36.281898,#ff0000,ATL_XNA
DL,MSP,TYS,US,-93.221802,44.882,US,-83.9940033,35.81100082,#fd68b3,MSP_TYS
DL,SLC,SNA,US,-111.97799682617188,40.78839874267578,US,-117.8679962,33.67570114,#6cff7d,SLC_SNA
DL,ATL,ABQ,US,-84.428101,33.6367,US,-106.609001,35.040199,#ff0000,ATL_ABQ
DL,DTW,CIU,US,-83.35340118408203,42.212398529052734,US,-84.47239685058594,46.25080108642578,#ffa500,DTW_CIU
DL,SLC,FLL,US,-111.97799682617188,40.78839874267578,US,-80.152702,26.072599,#6cff7d,SLC_FLL
DL,BOS,IND,US,-71.00520325,42.36429977,US,-86.294403,39.7173,#ffff00,BOS_IND
DL,SEA,MCO,US,-122.308998,47.449001,US,-81.30899810791016,28.429399490356445,#426ae1,SEA_MCO
DL,BOS,EWR,US,-71.00520325,42.36429977,US,-74.168701171875,40.692501068115234,#ffff00,BOS_EWR
DL,MSP,AUS,US,-93.221802,44.882,US,-97.6698989868164,30.194499969482422,#fd68b3,MSP_AUS
DL,LGA,MEM,US,-73.872597,40.777199,US,-89.97669982910156,35.04240036010742,#ffddad,LGA_MEM
DL,MSP,ICT,US,-93.221802,44.882,US,-97.433098,37.649899,#fd68b3,MSP_ICT
DL,ATL,FSD,US,-84.428101,33.6367,US,-96.741897583,43.582000732400004,#ff0000,ATL_FSD
DL,MSP,CMH,US,-93.221802,44.882,US,-82.891899,39.998001,#fd68b3,MSP_CMH
DL,DTW,SCE,US,-83.35340118408203,42.212398529052734,US,-77.84870147710001,40.8493003845,#ffa500,DTW_SCE
DL,DTW,LSE,US,-83.35340118408203,42.212398529052734,US,-91.256699,43.879002,#ffa500,DTW_LSE
DL,SLC,LWS,US,-111.97799682617188,40.78839874267578,US,-117.01499938964844,46.3745002746582,#6cff7d,SLC_LWS
DL,SLC,SAT,US,-111.97799682617188,40.78839874267578,US,-98.469803,29.533701,#6cff7d,SLC_SAT
DL,JFK,RIC,US,-73.7789,40.639801,US,-77.3197021484375,37.50519943237305,#00ffff,JFK_RIC
DL,LGA,SDF,US,-73.872597,40.777199,US,-85.736,38.1744,#ffddad,LGA_SDF
DL,DTW,PHX,US,-83.35340118408203,42.212398529052734,US,-112.01200103759766,33.43429946899414,#ffa500,DTW_PHX
DL,SLC,OMA,US,-111.97799682617188,40.78839874267578,US,-95.894096,41.3032,#6cff7d,SLC_OMA
DL,SEA,SNA,US,-122.308998,47.449001,US,-117.8679962,33.67570114,#426ae1,SEA_SNA
DL,DTW,CLT,US,-83.35340118408203,42.212398529052734,US,-80.94309997558594,35.2140007019043,#ffa500,DTW_CLT
DL,SLC,EKO,US,-111.97799682617188,40.78839874267578,US,-115.79199981689453,40.82490158081055,#6cff7d,SLC_EKO
DL,JFK,RDU,US,-73.7789,40.639801,US,-78.7874984741211,35.877601623535156,#00ffff,JFK_RDU
DL,SLC,DEN,US,-111.97799682617188,40.78839874267578,US,-104.672996521,39.861698150635,#6cff7d,SLC_DEN
DL,LGA,DFW,US,-73.872597,40.777199,US,-97.038002,32.896801,#ffddad,LGA_DFW
DL,MSP,ABR,US,-93.221802,44.882,US,-98.42179870605469,45.449100494384766,#fd68b3,MSP_ABR
DL,ATL,ROA,US,-84.428101,33.6367,US,-79.975403,37.3255,#ff0000,ATL_ROA
DL,SEA,TUS,US,-122.308998,47.449001,US,-110.938053,32.115004,#426ae1,SEA_TUS
DL,MSP,MQT,US,-93.221802,44.882,US,-87.395401001,46.353599548300004,#fd68b3,MSP_MQT
DL,DTW,JAX,US,-83.35340118408203,42.212398529052734,US,-81.68789672851562,30.49410057067871,#ffa500,DTW_JAX
DL,LAX,MSP,US,-118.407997,33.942501,US,-93.221802,44.882,white,LAX_MSP
DL,DTW,MSY,US,-83.35340118408203,42.212398529052734,US,-90.25800323486328,29.99340057373047,#ffa500,DTW_MSY
DL,LGA,MSN,US,-73.872597,40.777199,US,-89.3375015258789,43.13990020751953,#ffddad,LGA_MSN
DL,SLC,TUL,US,-111.97799682617188,40.78839874267578,US,-95.88809967041016,36.19839859008789,#6cff7d,SLC_TUL
DL,LAX,DFW,US,-118.407997,33.942501,US,-97.038002,32.896801,#007f00,LAX_DFW
DL,DTW,OMA,US,-83.35340118408203,42.212398529052734,US,-95.894096,41.3032,#ffa500,DTW_OMA
DL,BOS,PBI,US,-71.00520325,42.36429977,US,-80.09559631347656,26.68320083618164,#ffff00,BOS_PBI
DL,DTW,MEM,US,-83.35340118408203,42.212398529052734,US,-89.97669982910156,35.04240036010742,#ffa500,DTW_MEM
DL,MSP,PHL,US,-93.221802,44.882,US,-75.24109649658203,39.87189865112305,#fd68b3,MSP_PHL
DL,ATL,MLU,US,-84.428101,33.6367,US,-92.0376968383789,32.51089859008789,#ff0000,ATL_MLU
DL,SEA,MKE,US,-122.308998,47.449001,US,-87.89659881591797,42.947200775146484,#426ae1,SEA_MKE
DL,MSP,OKC,US,-93.221802,44.882,US,-97.60070037841797,35.39310073852539,#fd68b3,MSP_OKC
DL,MSP,GEG,US,-93.221802,44.882,US,-117.53399658203125,47.61989974975586,#fd68b3,MSP_GEG
DL,LGA,DSM,US,-73.872597,40.777199,US,-93.66310119628906,41.534000396728516,#ffddad,LGA_DSM
DL,MSP,IAD,US,-93.221802,44.882,US,-77.45580292,38.94449997,#fd68b3,MSP_IAD
DL,SEA,PHX,US,-122.308998,47.449001,US,-112.01200103759766,33.43429946899414,#426ae1,SEA_PHX
DL,MSP,SMF,US,-93.221802,44.882,US,-121.59100341796875,38.69540023803711,#fd68b3,MSP_SMF
DL,ATL,SJC,US,-84.428101,33.6367,US,-121.929001,37.362598,#ff0000,ATL_SJC
DL,DTW,ORD,US,-83.35340118408203,42.212398529052734,US,-87.9048,41.9786,#ffa500,DTW_ORD
DL,DTW,DSM,US,-83.35340118408203,42.212398529052734,US,-93.66310119628906,41.534000396728516,#ffa500,DTW_DSM
DL,MSP,MCI,US,-93.221802,44.882,US,-94.713898,39.2976,#fd68b3,MSP_MCI
DL,CVG,LGA,US,-84.667801,39.048801,US,-73.872597,40.777199,#ffddad,CVG_LGA
DL,CLE,JFK,US,-81.8498001099,41.4117012024,US,-73.7789,40.639801,#00ffff,CLE_JFK
DL,ATL,MEM,US,-84.428101,33.6367,US,-89.97669982910156,35.04240036010742,#ff0000,ATL_MEM
DL,DTW,MLI,US,-83.35340118408203,42.212398529052734,US,-90.50749969482422,41.44850158691406,#ffa500,DTW_MLI
DL,BOS,MCO,US,-71.00520325,42.36429977,US,-81.30899810791016,28.429399490356445,#ffff00,BOS_MCO
DL,LGA,BGR,US,-73.872597,40.777199,US,-68.8281021118164,44.80739974975586,#ffddad,LGA_BGR
DL,CVG,BWI,US,-84.667801,39.048801,US,-76.668297,39.1754,gray,CVG_BWI
DL,SLC,BZN,US,-111.97799682617188,40.78839874267578,US,-111.1529999,45.77750015,#6cff7d,SLC_BZN
DL,HNL,MSP,US,-157.924228,21.32062,US,-93.221802,44.882,#fd68b3,HNL_MSP
DL,BOS,RSW,US,-71.00520325,42.36429977,US,-81.75520324707031,26.53619956970215,#ffff00,BOS_RSW
DL,DTW,OKC,US,-83.35340118408203,42.212398529052734,US,-97.60070037841797,35.39310073852539,#ffa500,DTW_OKC
DL,ATL,ATW,US,-84.428101,33.6367,US,-88.5190963745,44.258098602299995,#ff0000,ATL_ATW
DL,ATL,DCA,US,-84.428101,33.6367,US,-77.037697,38.8521,#ff0000,ATL_DCA
DL,MSP,SBN,US,-93.221802,44.882,US,-86.31729888916016,41.70869827270508,#fd68b3,MSP_SBN
DL,LGA,PBI,US,-73.872597,40.777199,US,-80.09559631347656,26.68320083618164,#ffddad,LGA_PBI
DL,MSP,MSY,US,-93.221802,44.882,US,-90.25800323486328,29.99340057373047,#fd68b3,MSP_MSY
DL,DTW,ATW,US,-83.35340118408203,42.212398529052734,US,-88.5190963745,44.258098602299995,#ffa500,DTW_ATW
DL,RDU,EWR,US,-78.7874984741211,35.877601623535156,US,-74.168701171875,40.692501068115234,gray,RDU_EWR
DL,CVG,CLT,US,-84.667801,39.048801,US,-80.94309997558594,35.2140007019043,gray,CVG_CLT
DL,SEA,MCI,US,-122.308998,47.449001,US,-94.713898,39.2976,#426ae1,SEA_MCI
DL,LAX,SEA,US,-118.407997,33.942501,US,-122.308998,47.449001,white,LAX_SEA
DL,BOS,SLC,US,-71.00520325,42.36429977,US,-111.97799682617188,40.78839874267578,white,BOS_SLC
DL,ATL,FLL,US,-84.428101,33.6367,US,-80.152702,26.072599,#ff0000,ATL_FLL
DL,LAX,KOA,US,-118.407997,33.942501,US,-156.045603,19.738783,#007f00,LAX_KOA
DL,DTW,TPA,US,-83.35340118408203,42.212398529052734,US,-82.533203125,27.975500106811523,#ffa500,DTW_TPA
DL,ATL,CAK,US,-84.428101,33.6367,US,-81.44219970703125,40.916099548339844,#ff0000,ATL_CAK
DL,LGA,LEX,US,-73.872597,40.777199,US,-84.60590362548828,38.0364990234375,#ffddad,LGA_LEX
DL,LAX,BNA,US,-118.407997,33.942501,US,-86.6781997680664,36.1245002746582,#007f00,LAX_BNA
DL,ATL,PIT,US,-84.428101,33.6367,US,-80.23290253,40.49150085,#ff0000,ATL_PIT
DL,ATL,DAB,US,-84.428101,33.6367,US,-81.058098,29.179899,#ff0000,ATL_DAB
DL,ATL,PBI,US,-84.428101,33.6367,US,-80.09559631347656,26.68320083618164,#ff0000,ATL_PBI
DL,MSP,EWR,US,-93.221802,44.882,US,-74.168701171875,40.692501068115234,#fd68b3,MSP_EWR
DL,DTW,AVP,US,-83.35340118408203,42.212398529052734,US,-75.72339630130001,41.338500976599995,#ffa500,DTW_AVP
DL,SLC,OKC,US,-111.97799682617188,40.78839874267578,US,-97.60070037841797,35.39310073852539,#6cff7d,SLC_OKC
DL,BOS,SEA,US,-71.00520325,42.36429977,US,-122.308998,47.449001,white,BOS_SEA
DL,DTW,LEX,US,-83.35340118408203,42.212398529052734,US,-84.60590362548828,38.0364990234375,#ffa500,DTW_LEX
DL,ATL,GRB,US,-84.428101,33.6367,US,-88.12960052490234,44.48509979248047,#ff0000,ATL_GRB
DL,ATL,MIA,US,-84.428101,33.6367,US,-80.29060363769531,25.79319953918457,#ff0000,ATL_MIA
DL,LGA,IND,US,-73.872597,40.777199,US,-86.294403,39.7173,#ffddad,LGA_IND
DL,ATL,OKC,US,-84.428101,33.6367,US,-97.60070037841797,35.39310073852539,#ff0000,ATL_OKC
DL,BOS,LGA,US,-71.00520325,42.36429977,US,-73.872597,40.777199,white,BOS_LGA
DL,DTW,GRB,US,-83.35340118408203,42.212398529052734,US,-88.12960052490234,44.48509979248047,#ffa500,DTW_GRB
DL,DTW,ORF,US,-83.35340118408203,42.212398529052734,US,-76.20120239257812,36.89459991455078,#ffa500,DTW_ORF
DL,MSP,SDF,US,-93.221802,44.882,US,-85.736,38.1744,#fd68b3,MSP_SDF
DL,SLC,TPA,US,-111.97799682617188,40.78839874267578,US,-82.533203125,27.975500106811523,#6cff7d,SLC_TPA
DL,JFK,PDX,US,-73.7789,40.639801,US,-122.5979996,45.58869934,#00ffff,JFK_PDX
DL,SEA,SLC,US,-122.308998,47.449001,US,-111.97799682617188,40.78839874267578,white,SEA_SLC
DL,MCO,IND,US,-81.30899810791016,28.429399490356445,US,-86.294403,39.7173,gray,MCO_IND
DL,JFK,CMH,US,-73.7789,40.639801,US,-82.891899,39.998001,#00ffff,JFK_CMH
DL,DTW,IAH,US,-83.35340118408203,42.212398529052734,US,-95.34140014648438,29.984399795532227,#ffa500,DTW_IAH
DL,JFK,BWI,US,-73.7789,40.639801,US,-76.668297,39.1754,#00ffff,JFK_BWI
DL,JFK,SAV,US,-73.7789,40.639801,US,-81.20210266,32.12760162,#00ffff,JFK_SAV
DL,JFK,LAS,US,-73.7789,40.639801,US,-115.1520004,36.08010101,#00ffff,JFK_LAS
DL,LGA,RIC,US,-73.872597,40.777199,US,-77.3197021484375,37.50519943237305,#ffddad,LGA_RIC
DL,LAS,LAX,US,-115.1520004,36.08010101,US,-118.407997,33.942501,#007f00,LAS_LAX
DL,LAX,MEM,US,-118.407997,33.942501,US,-89.97669982910156,35.04240036010742,#007f00,LAX_MEM
DL,LGA,CHA,US,-73.872597,40.777199,US,-85.20379638671875,35.035301208496094,#ffddad,LGA_CHA
DL,MSP,SEA,US,-93.221802,44.882,US,-122.308998,47.449001,white,MSP_SEA
DL,LGA,TYS,US,-73.872597,40.777199,US,-83.9940033,35.81100082,#ffddad,LGA_TYS
DL,ATL,IAH,US,-84.428101,33.6367,US,-95.34140014648438,29.984399795532227,#ff0000,ATL_IAH
DL,JFK,BTV,US,-73.7789,40.639801,US,-73.15329742429999,44.471900939899996,#00ffff,JFK_BTV
DL,LGA,BTV,US,-73.872597,40.777199,US,-73.15329742429999,44.471900939899996,#ffddad,LGA_BTV
DL,ATL,SAV,US,-84.428101,33.6367,US,-81.20210266,32.12760162,#ff0000,ATL_SAV
DL,LAX,DEN,US,-118.407997,33.942501,US,-104.672996521,39.861698150635,#007f00,LAX_DEN
DL,LGA,GSO,US,-73.872597,40.777199,US,-79.93730163574219,36.097801208496094,#ffddad,LGA_GSO
DL,DCA,LGA,US,-77.037697,38.8521,US,-73.872597,40.777199,#ffddad,DCA_LGA
DL,JFK,SJC,US,-73.7789,40.639801,US,-121.929001,37.362598,#00ffff,JFK_SJC
DL,SLC,PIH,US,-111.97799682617188,40.78839874267578,US,-112.59600067138672,42.9098014831543,#6cff7d,SLC_PIH
DL,SLC,PHL,US,-111.97799682617188,40.78839874267578,US,-75.24109649658203,39.87189865112305,#6cff7d,SLC_PHL
DL,ATL,ROC,US,-84.428101,33.6367,US,-77.67240142822266,43.118900299072266,#ff0000,ATL_ROC
DL,CVG,ORD,US,-84.667801,39.048801,US,-87.9048,41.9786,gray,CVG_ORD
DL,SLC,OAK,US,-111.97799682617188,40.78839874267578,US,-122.221001,37.721298,#6cff7d,SLC_OAK
DL,LGA,MHT,US,-73.872597,40.777199,US,-71.435699,42.932598,#ffddad,LGA_MHT
DL,HNL,SLC,US,-157.924228,21.32062,US,-111.97799682617188,40.78839874267578,#6cff7d,HNL_SLC
DL,ATL,ABY,US,-84.428101,33.6367,US,-84.19450378417969,31.535499572753906,#ff0000,ATL_ABY
DL,SLC,SBA,US,-111.97799682617188,40.78839874267578,US,-119.8399963,34.42620087,#6cff7d,SLC_SBA
DL,CLE,BDL,US,-81.8498001099,41.4117012024,US,-72.68319702149999,41.9388999939,gray,CLE_BDL
DL,MSP,IMT,US,-93.221802,44.882,US,-88.1145019531,45.8184013367,#fd68b3,MSP_IMT
DL,ATL,PDX,US,-84.428101,33.6367,US,-122.5979996,45.58869934,#ff0000,ATL_PDX
DL,MSP,BZN,US,-93.221802,44.882,US,-111.1529999,45.77750015,#fd68b3,MSP_BZN
DL,LAX,MCI,US,-118.407997,33.942501,US,-94.713898,39.2976,#007f00,LAX_MCI
DL,ATL,TUL,US,-84.428101,33.6367,US,-95.88809967041016,36.19839859008789,#ff0000,ATL_TUL
DL,MSP,PHX,US,-93.221802,44.882,US,-112.01200103759766,33.43429946899414,#fd68b3,MSP_PHX
DL,SLC,PDX,US,-111.97799682617188,40.78839874267578,US,-122.5979996,45.58869934,#6cff7d,SLC_PDX
DL,MSP,RST,US,-93.221802,44.882,US,-92.5,43.90829849243164,#fd68b3,MSP_RST
DL,CVG,BDL,US,-84.667801,39.048801,US,-72.68319702149999,41.9388999939,gray,CVG_BDL
DL,JFK,TPA,US,-73.7789,40.639801,US,-82.533203125,27.975500106811523,#00ffff,JFK_TPA
DL,CVG,DFW,US,-84.667801,39.048801,US,-97.038002,32.896801,gray,CVG_DFW
DL,ATL,ORD,US,-84.428101,33.6367,US,-87.9048,41.9786,#ff0000,ATL_ORD
DL,RDU,AUS,US,-78.7874984741211,35.877601623535156,US,-97.6698989868164,30.194499969482422,gray,RDU_AUS
DL,SEA,PDX,US,-122.308998,47.449001,US,-122.5979996,45.58869934,#426ae1,SEA_PDX
DL,MSP,FAR,US,-93.221802,44.882,US,-96.81580352783203,46.92070007324219,#fd68b3,MSP_FAR
DL,ATL,BUF,US,-84.428101,33.6367,US,-78.73220062,42.94049835,#ff0000,ATL_BUF
DL,SLC,BTM,US,-111.97799682617188,40.78839874267578,US,-112.49700164794922,45.95479965209961,#6cff7d,SLC_BTM
DL,ATL,MCO,US,-84.428101,33.6367,US,-81.30899810791016,28.429399490356445,#ff0000,ATL_MCO
DL,ATL,CHA,US,-84.428101,33.6367,US,-85.20379638671875,35.035301208496094,#ff0000,ATL_CHA
DL,MSP,DAY,US,-93.221802,44.882,US,-84.21939849853516,39.902400970458984,#fd68b3,MSP_DAY
DL,SLC,CLT,US,-111.97799682617188,40.78839874267578,US,-80.94309997558594,35.2140007019043,#6cff7d,SLC_CLT
DL,DTW,APN,US,-83.35340118408203,42.212398529052734,US,-83.56030273,45.0780983,#ffa500,DTW_APN
DL,ATL,SEA,US,-84.428101,33.6367,US,-122.308998,47.449001,white,ATL_SEA
DL,ATL,SAT,US,-84.428101,33.6367,US,-98.469803,29.533701,#ff0000,ATL_SAT
DL,ATL,TPA,US,-84.428101,33.6367,US,-82.533203125,27.975500106811523,#ff0000,ATL_TPA
DL,DTW,SFO,US,-83.35340118408203,42.212398529052734,US,-122.375,37.61899948120117,#ffa500,DTW_SFO
DL,MSP,MBS,US,-93.221802,44.882,US,-84.07959747314453,43.532901763916016,#fd68b3,MSP_MBS
DL,SLC,DSM,US,-111.97799682617188,40.78839874267578,US,-93.66310119628906,41.534000396728516,#6cff7d,SLC_DSM
DL,MSP,CWA,US,-93.221802,44.882,US,-89.6668014526,44.7775993347,#fd68b3,MSP_CWA
DL,SLC,ABQ,US,-111.97799682617188,40.78839874267578,US,-106.609001,35.040199,#6cff7d,SLC_ABQ
DL,RDU,BWI,US,-78.7874984741211,35.877601623535156,US,-76.668297,39.1754,gray,RDU_BWI
DL,ATL,PHF,US,-84.428101,33.6367,US,-76.49299622,37.13190079,#ff0000,ATL_PHF
DL,RDU,ORD,US,-78.7874984741211,35.877601623535156,US,-87.9048,41.9786,gray,RDU_ORD
DL,MSP,SAT,US,-93.221802,44.882,US,-98.469803,29.533701,#fd68b3,MSP_SAT
DL,ATL,VPS,US,-84.428101,33.6367,US,-86.525398,30.4832,#ff0000,ATL_VPS
DL,DTW,AZO,US,-83.35340118408203,42.212398529052734,US,-85.5521011352539,42.234901428222656,#ffa500,DTW_AZO
DL,SLC,BOI,US,-111.97799682617188,40.78839874267578,US,-116.223,43.5644,#6cff7d,SLC_BOI
DL,LGA,SYR,US,-73.872597,40.777199,US,-76.1063003540039,43.11119842529297,#ffddad,LGA_SYR
DL,BOS,PHL,US,-71.00520325,42.36429977,US,-75.24109649658203,39.87189865112305,#ffff00,BOS_PHL
DL,JFK,AUS,US,-73.7789,40.639801,US,-97.6698989868164,30.194499969482422,#00ffff,JFK_AUS
DL,DTW,BUF,US,-83.35340118408203,42.212398529052734,US,-78.73220062,42.94049835,#ffa500,DTW_BUF
DL,BOS,BNA,US,-71.00520325,42.36429977,US,-86.6781997680664,36.1245002746582,#ffff00,BOS_BNA
DL,LAX,DCA,US,-118.407997,33.942501,US,-77.037697,38.8521,#007f00,LAX_DCA
DL,CVG,RSW,US,-84.667801,39.048801,US,-81.75520324707031,26.53619956970215,gray,CVG_RSW
DL,DTW,ITH,US,-83.35340118408203,42.212398529052734,US,-76.4583969116211,42.49100112915039,#ffa500,DTW_ITH
DL,MSP,GRR,US,-93.221802,44.882,US,-85.52279663,42.88079834,#fd68b3,MSP_GRR
DL,SEA,ORD,US,-122.308998,47.449001,US,-87.9048,41.9786,#426ae1,SEA_ORD
DL,JFK,SAN,US,-73.7789,40.639801,US,-117.190002441,32.7336006165,#00ffff,JFK_SAN
DL,JFK,PIT,US,-73.7789,40.639801,US,-80.23290253,40.49150085,#00ffff,JFK_PIT
DL,ATL,IAD,US,-84.428101,33.6367,US,-77.45580292,38.94449997,#ff0000,ATL_IAD
DL,ATL,GNV,US,-84.428101,33.6367,US,-82.2717971802,29.6900997162,#ff0000,ATL_GNV
DL,JFK,MSP,US,-73.7789,40.639801,US,-93.221802,44.882,white,JFK_MSP
DL,SLC,BNA,US,-111.97799682617188,40.78839874267578,US,-86.6781997680664,36.1245002746582,#6cff7d,SLC_BNA
DL,MSP,DLH,US,-93.221802,44.882,US,-92.19360351559999,46.8420982361,#fd68b3,MSP_DLH
DL,MSP,HIB,US,-93.221802,44.882,US,-92.83899689,47.38660049,#fd68b3,MSP_HIB
DL,CVG,EWR,US,-84.667801,39.048801,US,-74.168701171875,40.692501068115234,gray,CVG_EWR
DL,ATL,SFO,US,-84.428101,33.6367,US,-122.375,37.61899948120117,#ff0000,ATL_SFO
DL,MSP,LSE,US,-93.221802,44.882,US,-91.256699,43.879002,#fd68b3,MSP_LSE
DL,LGA,MIA,US,-73.872597,40.777199,US,-80.29060363769531,25.79319953918457,#ffddad,LGA_MIA
DL,BOS,CLE,US,-71.00520325,42.36429977,US,-81.8498001099,41.4117012024,#ffff00,BOS_CLE
DL,JFK,SLC,US,-73.7789,40.639801,US,-111.97799682617188,40.78839874267578,white,JFK_SLC
DL,CVG,STL,US,-84.667801,39.048801,US,-90.370003,38.748697,gray,CVG_STL
DL,MCO,RDU,US,-81.30899810791016,28.429399490356445,US,-78.7874984741211,35.877601623535156,gray,MCO_RDU
DL,DTW,SYR,US,-83.35340118408203,42.212398529052734,US,-76.1063003540039,43.11119842529297,#ffa500,DTW_SYR
DL,ATL,AVL,US,-84.428101,33.6367,US,-82.541801,35.436199,#ff0000,ATL_AVL
DL,RDU,BDL,US,-78.7874984741211,35.877601623535156,US,-72.68319702149999,41.9388999939,gray,RDU_BDL
DL,JFK,SAT,US,-73.7789,40.639801,US,-98.469803,29.533701,#00ffff,JFK_SAT
DL,MCO,SLC,US,-81.30899810791016,28.429399490356445,US,-111.97799682617188,40.78839874267578,#6cff7d,MCO_SLC
DL,LAS,LGB,US,-115.1520004,36.08010101,US,-118.1520004,33.81769943,gray,LAS_LGB
DL,MSP,PIT,US,-93.221802,44.882,US,-80.23290253,40.49150085,#fd68b3,MSP_PIT
DL,SLC,DFW,US,-111.97799682617188,40.78839874267578,US,-97.038002,32.896801,#6cff7d,SLC_DFW
DL,MSP,STL,US,-93.221802,44.882,US,-90.370003,38.748697,#fd68b3,MSP_STL
DL,ATL,DAL,US,-84.428101,33.6367,US,-96.851799,32.847099,#ff0000,ATL_DAL
DL,DTW,BGM,US,-83.35340118408203,42.212398529052734,US,-75.97979736,42.20869827,#ffa500,DTW_BGM
DL,DTW,RDU,US,-83.35340118408203,42.212398529052734,US,-78.7874984741211,35.877601623535156,#ffa500,DTW_RDU
DL,MSP,GFK,US,-93.221802,44.882,US,-97.176102,47.949299,#fd68b3,MSP_GFK
DL,CVG,DTW,US,-84.667801,39.048801,US,-83.35340118408203,42.212398529052734,#ffa500,CVG_DTW
DL,ATL,CID,US,-84.428101,33.6367,US,-91.71080017089844,41.884700775146484,#ff0000,ATL_CID
DL,MSP,BIL,US,-93.221802,44.882,US,-108.54299926757812,45.807701110839844,#fd68b3,MSP_BIL
DL,MSP,IND,US,-93.221802,44.882,US,-86.294403,39.7173,#fd68b3,MSP_IND
DL,ATL,LIT,US,-84.428101,33.6367,US,-92.2242965698,34.729400634799994,#ff0000,ATL_LIT
DL,SLC,IAD,US,-111.97799682617188,40.78839874267578,US,-77.45580292,38.94449997,#6cff7d,SLC_IAD
DL,SEA,EUG,US,-122.308998,47.449001,US,-123.21199798583984,44.12459945678711,#426ae1,SEA_EUG
DL,ATL,BTV,US,-84.428101,33.6367,US,-73.15329742429999,44.471900939899996,#ff0000,ATL_BTV
DL,DCA,MSN,US,-77.037697,38.8521,US,-89.3375015258789,43.13990020751953,gray,DCA_MSN
DL,DTW,LAS,US,-83.35340118408203,42.212398529052734,US,-115.1520004,36.08010101,#ffa500,DTW_LAS
DL,MSP,SLC,US,-93.221802,44.882,US,-111.97799682617188,40.78839874267578,white,MSP_SLC
DL,JFK,PWM,US,-73.7789,40.639801,US,-70.309303,43.646198,#00ffff,JFK_PWM
